{
"lengthUnit": "mil",
"remark": [],
"components": {
	"fields": ["COMPONENT_NO", "COMPONENT_NAME", "LAYER", "X_COORDINATE", "Y_COORDINATE", "ANGLE"],
	"rows": [
		[1, "C1", "T", 1151.9737, 373.4032, 180],
		[2, "C2", "T", 1178.9938, 470, 0],
		[3, "C3", "T", -1611.43, -80, 270],
		[4, "C4", "T", -1135, -170, 270],
		[5, "C5", "T", -820, 120, 0],
		[6, "C6", "T", -525, 260, 270],
		[7, "C7", "T", -517.82, -430, 180],
		[8, "C8", "T", -490.8, -330, 0],
		[9, "D1", "T", -1710, 205, 180],
		[10, "D2", "T", -550, -570, 180],
		[11, "DC1", "T", -2085, -90, 0],
		[12, "H1", "T", -151.4173, -820, 0],
		[13, "H2", "T", -151.43, -220, 0],
		[14, "LED1", "T", -1975.3794, 415, 0],
		[15, "LG1", "T", -1988.1102, 415, 90],
		[16, "R1", "T", -1914.2444, 530, 0],
		[17, "SW1", "T", 0, 212.795, 0],
		[18, "TP1", "T", -870, -345, 0],
		[19, "TP2", "T", 550, 470, 0],
		[20, "TP3", "T", 493.929, -431.5323, 90],
		[21, "TP4", "T", 800, -565, 90],
		[22, "TP5", "T", 495, -670, 90],
		[23, "TP6", "T", 492.442, -927.1453, 90],
		[24, "TP7", "T", 800, -810, 90],
		[25, "TP8", "T", -848.188, -817.1453, 90],
		[26, "TP9", "T", -685, -1065, 90],
		[27, "TP10", "T", -395, -1105, 90],
		[28, "TP11", "T", -150, -1105, 90],
		[29, "TP12", "T", 1140, -1075, 90],
		[30, "U1", "T", 1347.2487, -21.5968, 90],
		[31, "U2", "T", -1225, 161.93, 90],
		[32, "U3", "T", -770, 325, 180],
		[33, "PAD1", "T", 1681.8937, 248.0882, 0],
		[34, "PAD2", "T", 1631.8937, 248.0882, 0],
		[35, "PAD3", "T", 1581.8937, 248.0882, 0],
		[36, "PAD4", "T", 1362.6037, 248.0882, 0],
		[37, "PAD5", "T", 1312.6037, 248.0882, 0],
		[38, "PAD6", "T", 1112.6037, 248.0882, 0],
		[39, "PAD7", "T", 1012.6037, 248.0882, 0],
		[40, "PAD8", "T", 1012.6037, -291.2818, 0],
		[41, "PAD9", "T", 1162.6037, -291.2818, 0],
		[42, "PAD10", "T", 1212.6037, -291.2818, 0],
		[43, "PAD11", "T", 1262.6037, -291.2818, 0],
		[44, "PAD12", "T", 1312.6037, -291.2818, 0],
		[45, "PAD13", "T", 1362.6037, -291.2818, 0],
		[46, "PAD14", "T", 1581.8937, -291.2818, 0],
		[47, "PAD15", "T", 1681.8937, -291.2818, 0],
		[48, "PAD16", "T", -451.43, -430, 0],
		[49, "PAD17", "T", -584.21, -430, 0],
		[50, "PAD18", "T", -1135, -103.61, 0],
		[51, "PAD19", "T", -1135, -236.39, 0],
		[52, "PAD20", "T", -451.43, -330, 0],
		[53, "PAD21", "T", -530.17, -330, 0],
		[54, "PAD22", "T", -648.57, -570, 0],
		[55, "PAD23", "T", -451.43, -570, 0],
		[56, "PAD24", "T", -1808.57, 205, 0],
		[57, "PAD25", "T", -1611.43, 205, 0],
		[58, "PAD26", "T", -2205.075, 126.55, 0],
		[59, "PAD27", "T", -1964.925, -306.55, 0],
		[60, "PAD28", "T", -2205.075, -306.55, 0],
		[61, "PAD29", "T", -1964.925, 126.55, 0],
		[62, "PAD30", "T", 48.57, -220, 0],
		[63, "PAD30", "B", 48.57, -220, 0],
		[64, "PAD31", "T", -51.43, -220, 0],
		[65, "PAD31", "B", -51.43, -220, 0],
		[66, "PAD32", "T", -151.43, -220, 0],
		[67, "PAD32", "B", -151.43, -220, 0],
		[68, "PAD33", "T", -251.43, -220, 0],
		[69, "PAD33", "B", -251.43, -220, 0],
		[70, "PAD34", "T", -351.43, -220, 0],
		[71, "PAD34", "B", -351.43, -220, 0],
		[72, "PAD35", "T", -451.43, -220, 0],
		[73, "PAD35", "B", -451.43, -220, 0],
		[74, "PAD36", "T", 48.5827, -820, 0],
		[75, "PAD36", "B", 48.5827, -820, 0],
		[76, "PAD37", "T", -51.4173, -820, 0],
		[77, "PAD37", "B", -51.4173, -820, 0],
		[78, "PAD38", "T", -151.4173, -820, 0],
		[79, "PAD38", "B", -151.4173, -820, 0],
		[80, "PAD39", "T", -251.4173, -820, 0],
		[81, "PAD39", "B", -251.4173, -820, 0],
		[82, "PAD40", "T", -351.4173, -820, 0],
		[83, "PAD40", "B", -351.4173, -820, 0],
		[84, "PAD41", "T", -451.4173, -820, 0],
		[85, "PAD41", "B", -451.4173, -820, 0],
		[86, "PAD42", "T", -1224.325, 298.745, 0],
		[87, "PAD43", "T", -1315.155, 25.115, 0],
		[88, "PAD44", "T", -1134.845, 25.115, 0],
		[89, "PAD45", "T", 1112.6037, 373.4032, 0],
		[90, "PAD46", "T", 1191.3437, 373.4032, 0],
		[91, "PAD47", "T", -525, 326.39, 0],
		[92, "PAD48", "T", -525, 193.61, 0],
		[93, "PAD49", "T", -886.39, 120, 0],
		[94, "PAD50", "T", -753.61, 120, 0],
		[95, "PAD51", "T", 1112.6038, 470, 0],
		[96, "PAD52", "T", 1245.3838, 470, 0],
		[97, "PAD53", "T", -1884.5844, 530, 0],
		[98, "PAD54", "T", -1943.9044, 530, 0],
		[99, "PAD55", "T", -886.927, 415.55, 0],
		[100, "PAD56", "T", -886.927, 234.45, 0],
		[101, "PAD57", "T", -653.072, 325, 0],
		[102, "PAD58", "T", -98.42, 325, 0],
		[103, "PAD59", "T", 0, 325, 0],
		[104, "PAD60", "T", 98.42, 325, 0],
		[105, "PAD61", "T", -870, -345, 0],
		[106, "PAD62", "T", 550, 470, 0],
		[107, "PAD63", "T", 493.929, -431.5323, 0],
		[108, "PAD63", "B", 493.929, -431.5323, 0],
		[109, "PAD64", "T", 800, -565, 0],
		[110, "PAD64", "B", 800, -565, 0],
		[111, "PAD65", "T", 495, -670, 0],
		[112, "PAD65", "B", 495, -670, 0],
		[113, "PAD66", "T", 492.442, -927.1453, 0],
		[114, "PAD66", "B", 492.442, -927.1453, 0],
		[115, "PAD67", "T", 800, -810, 0],
		[116, "PAD67", "B", 800, -810, 0],
		[117, "PAD68", "T", -848.188, -817.1453, 0],
		[118, "PAD68", "B", -848.188, -817.1453, 0],
		[119, "PAD69", "T", -685, -1065, 0],
		[120, "PAD69", "B", -685, -1065, 0],
		[121, "PAD70", "T", -395, -1105, 0],
		[122, "PAD70", "B", -395, -1105, 0],
		[123, "PAD71", "T", -150, -1105, 0],
		[124, "PAD71", "B", -150, -1105, 0],
		[125, "PAD72", "T", 1140, -1075, 0],
		[126, "PAD72", "B", 1140, -1075, 0],
		[127, "PAD73", "T", -1611.43, 25.115, 0],
		[128, "PAD74", "T", -1611.43, -185.115, 0],
		[129, "PAD75", "T", -1943.9044, 415.005, 0],
		[130, "PAD76", "T", -2006.8544, 414.995, 0]
	]
},
"pins": {
	"fields": ["PIN_NO", "PIN_NAME", "PIN_X", "PIN_Y", "LAYER", "PIN_TYPE", "NET_NAME", "NET_TYPE", "PAD_SHAPE", "PAD_SIZEX", "PAD_SIZEY", "HOLE_SIZE", "HOLE_LEN", "PAD_ANGLE"],
	"rows": [
		[1, "C1_1", 1191.3437, 373.4032, "T", "SMD", "GND", "GND", "R", 55.512, 53.15, 0, 0, 180],
		[2, "C1_2", 1112.6037, 373.4032, "T", "SMD", "+3V3", "", "R", 55.512, 53.15, 0, 0, 180],
		[3, "C2_1", 1112.6038, 470, "T", "SMD", "+3V3", "", "R", 69.193, 51.024, 0, 0, 180],
		[4, "C2_2", 1245.3838, 470, "T", "SMD", "GND", "GND", "R", 69.193, 51.024, 0, 0, 180],
		[5, "C3_1", -1611.43, 25.115, "T", "SMD", "+12V", "", "R", 137.795, 47.244, 0, 0, 270],
		[6, "C3_2", -1611.43, -185.115, "T", "SMD", "GND", "GND", "R", 137.795, 47.244, 0, 0, 270],
		[7, "C4_1", -1135, -103.61, "T", "SMD", "+5V", "", "R", 69.193, 51.024, 0, 0, 90],
		[8, "C4_2", -1135, -236.39, "T", "SMD", "GND", "GND", "R", 69.193, 51.024, 0, 0, 90],
		[9, "C5_1", -886.39, 120, "T", "SMD", "+5V", "", "R", 69.193, 51.024, 0, 0, 180],
		[10, "C5_2", -753.61, 120, "T", "SMD", "GND", "GND", "R", 69.193, 51.024, 0, 0, 180],
		[11, "C6_1", -525, 326.39, "T", "SMD", "+3V3-LDO", "", "R", 69.193, 51.024, 0, 0, 90],
		[12, "C6_2", -525, 193.61, "T", "SMD", "GND", "GND", "R", 69.193, 51.024, 0, 0, 90],
		[13, "C7_1", -451.43, -430, "T", "SMD", "$1N1660", "", "R", 69.193, 51.024, 0, 0, 0],
		[14, "C7_2", -584.21, -430, "T", "SMD", "GND", "GND", "R", 69.193, 51.024, 0, 0, 0],
		[15, "C8_1", -530.17, -330, "T", "SMD", "GND", "GND", "R", 55.512, 53.15, 0, 0, 0],
		[16, "C8_2", -451.43, -330, "T", "SMD", "$1N1660", "", "R", 55.512, 53.15, 0, 0, 0],
		[17, "D1_1", -1808.57, 205, "T", "SMD", "+12V_IN", "", "R", 81.201, 60.591, 0, 0, 180],
		[18, "D1_2", -1611.43, 205, "T", "SMD", "+12V", "", "R", 81.201, 60.591, 0, 0, 180],
		[19, "D2_1", -648.57, -570, "T", "SMD", "+5V", "", "R", 81.201, 60.591, 0, 0, 180],
		[20, "D2_2", -451.43, -570, "T", "SMD", "$1N1660", "", "R", 81.201, 60.591, 0, 0, 180],
		[21, "DC1_1", -2205.075, 126.55, "T", "SMD", "+12V_IN", "", "R", 110.236, 110.236, 0, 0, 0],
		[22, "DC1_1", -1964.925, 126.55, "T", "SMD", "+12V_IN", "", "R", 110.236, 110.236, 0, 0, 0],
		[23, "DC1_2", -2205.075, -306.55, "T", "SMD", "GND", "GND", "R", 110.236, 110.236, 0, 0, 0],
		[24, "DC1_3", -1964.925, -306.55, "T", "SMD", "GND", "GND", "R", 110.236, 110.236, 0, 0, 0],
		[25, "H1_1", -451.4173, -820, "T", "DIP", "GPIO1", "", "R", 62, 66.929, 43.308, 43.308, 0],
		[26, "H1_1", -451.4173, -820, "B", "DIP", "GPIO1", "", "R", 62, 66.929, 43.308, 43.308, 0],
		[27, "H1_2", -351.4173, -820, "T", "DIP", "GPIO2", "", "C", 66.929, 66.929, 43.308, 43.308, 0],
		[28, "H1_2", -351.4173, -820, "B", "DIP", "GPIO2", "", "C", 66.929, 66.929, 43.308, 43.308, 0],
		[29, "H1_3", -251.4173, -820, "T", "DIP", "GPIO3", "", "C", 66.929, 66.929, 43.308, 43.308, 0],
		[30, "H1_3", -251.4173, -820, "B", "DIP", "GPIO3", "", "C", 66.929, 66.929, 43.308, 43.308, 0],
		[31, "H1_4", -151.4173, -820, "T", "DIP", "GPIO4", "", "C", 66.929, 66.929, 43.308, 43.308, 0],
		[32, "H1_4", -151.4173, -820, "B", "DIP", "GPIO4", "", "C", 66.929, 66.929, 43.308, 43.308, 0],
		[33, "H1_5", -51.4173, -820, "T", "DIP", "CSN", "", "C", 66.929, 66.929, 43.308, 43.308, 0],
		[34, "H1_5", -51.4173, -820, "B", "DIP", "CSN", "", "C", 66.929, 66.929, 43.308, 43.308, 0],
		[35, "H1_6", 48.5827, -820, "T", "DIP", "GDO0", "", "C", 66.929, 66.929, 43.308, 43.308, 0],
		[36, "H1_6", 48.5827, -820, "B", "DIP", "GDO0", "", "C", 66.929, 66.929, 43.308, 43.308, 0],
		[37, "H1_7", 148.5827, -820, "T", "DIP", "NET_1", "", "C", 66.929, 66.929, 43.308, 43.308, 0],
		[38, "H1_7", 148.5827, -820, "B", "DIP", "NET_1", "", "C", 66.929, 66.929, 43.308, 43.308, 0],
		[39, "H2_1", -451.43, -220, "T", "DIP", "$1N1660", "", "R", 62, 66.929, 43.308, 43.308, 0],
		[40, "H2_1", -451.43, -220, "B", "DIP", "$1N1660", "", "R", 62, 66.929, 43.308, 43.308, 0],
		[41, "H2_2", -351.43, -220, "T", "DIP", "GND", "GND", "C", 66.929, 66.929, 43.308, 43.308, 0],
		[42, "H2_2", -351.43, -220, "B", "DIP", "GND", "GND", "C", 66.929, 66.929, 43.308, 43.308, 0],
		[43, "H2_3", -251.43, -220, "T", "DIP", "+3V3-XIAO", "", "C", 66.929, 66.929, 43.308, 43.308, 0],
		[44, "H2_3", -251.43, -220, "B", "DIP", "+3V3-XIAO", "", "C", 66.929, 66.929, 43.308, 43.308, 0],
		[45, "H2_4", -151.43, -220, "T", "DIP", "MOSI", "", "C", 66.929, 66.929, 43.308, 43.308, 0],
		[46, "H2_4", -151.43, -220, "B", "DIP", "MOSI", "", "C", 66.929, 66.929, 43.308, 43.308, 0],
		[47, "H2_5", -51.43, -220, "T", "DIP", "MISO", "", "C", 66.929, 66.929, 43.308, 43.308, 0],
		[48, "H2_5", -51.43, -220, "B", "DIP", "MISO", "", "C", 66.929, 66.929, 43.308, 43.308, 0],
		[49, "H2_6", 48.57, -220, "T", "DIP", "SCK", "", "C", 66.929, 66.929, 43.308, 43.308, 0],
		[50, "H2_6", 48.57, -220, "B", "DIP", "SCK", "", "C", 66.929, 66.929, 43.308, 43.308, 0],
		[51, "H2_7", 148.57, -220, "T", "DIP", "NET_2", "", "C", 66.929, 66.929, 43.308, 43.308, 0],
		[52, "H2_7", 148.57, -220, "B", "DIP", "NET_2", "", "C", 66.929, 66.929, 43.308, 43.308, 0],
		[53, "LED1_1", -2006.8544, 414.995, "T", "SMD", "GND", "GND", "R", 31.496, 31.496, 0, 0, 90],
		[54, "LED1_2", -1943.9044, 415.005, "T", "SMD", "$1N5727", "", "R", 31.496, 31.496, 0, 0, 90],
		[55, "LG1_0", -2137.7165, 415, "T", "DIP", "NET_3", "", "C", 94.4882, 94.4882, 94.4882, 94.4882, 90],
		[56, "LG1_0", -2137.7165, 415, "B", "DIP", "NET_3", "", "C", 94.4882, 94.4882, 94.4882, 94.4882, 90],
		[57, "LG1_0", -1803.0708, 415, "T", "DIP", "NET_4", "", "C", 94.4882, 94.4882, 94.4882, 94.4882, 90],
		[58, "LG1_0", -1803.0708, 415, "B", "DIP", "NET_4", "", "C", 94.4882, 94.4882, 94.4882, 94.4882, 90],
		[59, "R1_1", -1943.9044, 530, "T", "SMD", "$1N5727", "", "R", 31.751, 34.016, 0, 0, 0],
		[60, "R1_2", -1884.5844, 530, "T", "SMD", "+3V3", "", "R", 31.751, 34.016, 0, 0, 0],
		[61, "SW1_1", -98.42, 325, "T", "SMD", "+3V3-LDO", "", "R", 47.24, 78.74, 0, 0, 180],
		[62, "SW1_2", 0, 325, "T", "SMD", "+3V3", "", "R", 47.24, 78.74, 0, 0, 180],
		[63, "SW1_3", 98.42, 325, "T", "SMD", "+3V3-XIAO", "", "R", 47.24, 78.74, 0, 0, 180],
		[64, "SW1_4", -98.42, 100.59, "T", "SMD", "NET_5", "", "R", 47.24, 78.74, 0, 0, 180],
		[65, "SW1_5", 0, 100.6, "T", "SMD", "NET_6", "", "R", 47.24, 78.74, 0, 0, 180],
		[66, "SW1_6", 98.42, 100.59, "T", "SMD", "NET_7", "", "R", 47.24, 78.74, 0, 0, 180],
		[67, "TP1_1", -870, -345, "T", "SMD", "+5V", "", "C", 60, 60, 0, 0, 0],
		[68, "TP2_1", 550, 470, "T", "SMD", "+3V3", "", "C", 60, 60, 0, 0, 0],
		[69, "TP3_1", 493.929, -431.5323, "T", "DIP", "MISO", "", "C", 74.803, 74.803, 54.724, 54.724, 90],
		[70, "TP3_1", 493.929, -431.5323, "B", "DIP", "MISO", "", "C", 74.803, 74.803, 54.724, 54.724, 90],
		[71, "TP4_1", 800, -565, "T", "DIP", "MOSI", "", "C", 74.803, 74.803, 54.724, 54.724, 90],
		[72, "TP4_1", 800, -565, "B", "DIP", "MOSI", "", "C", 74.803, 74.803, 54.724, 54.724, 90],
		[73, "TP5_1", 495, -670, "T", "DIP", "SCK", "", "C", 74.803, 74.803, 54.724, 54.724, 90],
		[74, "TP5_1", 495, -670, "B", "DIP", "SCK", "", "C", 74.803, 74.803, 54.724, 54.724, 90],
		[75, "TP6_1", 492.442, -927.1453, "T", "DIP", "CSN", "", "C", 74.803, 74.803, 54.724, 54.724, 90],
		[76, "TP6_1", 492.442, -927.1453, "B", "DIP", "CSN", "", "C", 74.803, 74.803, 54.724, 54.724, 90],
		[77, "TP7_1", 800, -810, "T", "DIP", "GDO0", "", "C", 74.803, 74.803, 54.724, 54.724, 90],
		[78, "TP7_1", 800, -810, "B", "DIP", "GDO0", "", "C", 74.803, 74.803, 54.724, 54.724, 90],
		[79, "TP8_1", -848.188, -817.1453, "T", "DIP", "GPIO1", "", "C", 74.803, 74.803, 54.724, 54.724, 90],
		[80, "TP8_1", -848.188, -817.1453, "B", "DIP", "GPIO1", "", "C", 74.803, 74.803, 54.724, 54.724, 90],
		[81, "TP9_1", -685, -1065, "T", "DIP", "GPIO2", "", "C", 74.803, 74.803, 54.724, 54.724, 90],
		[82, "TP9_1", -685, -1065, "B", "DIP", "GPIO2", "", "C", 74.803, 74.803, 54.724, 54.724, 90],
		[83, "TP10_1", -395, -1105, "T", "DIP", "GPIO3", "", "C", 74.803, 74.803, 54.724, 54.724, 90],
		[84, "TP10_1", -395, -1105, "B", "DIP", "GPIO3", "", "C", 74.803, 74.803, 54.724, 54.724, 90],
		[85, "TP11_1", -150, -1105, "T", "DIP", "GPIO4", "", "C", 74.803, 74.803, 54.724, 54.724, 90],
		[86, "TP11_1", -150, -1105, "B", "DIP", "GPIO4", "", "C", 74.803, 74.803, 54.724, 54.724, 90],
		[87, "TP12_1", 1140, -1075, "T", "DIP", "GND", "GND", "C", 74.803, 74.803, 54.724, 54.724, 90],
		[88, "TP12_1", 1140, -1075, "B", "DIP", "GND", "GND", "C", 74.803, 74.803, 54.724, 54.724, 90],
		[89, "U1_1", 1681.8937, 248.0882, "T", "SMD", "GND", "GND", "R", 66.929, 39.37, 0, 0, 90],
		[90, "U1_2", 1631.8937, 248.0882, "T", "SMD", "GND", "GND", "R", 66.929, 39.37, 0, 0, 90],
		[91, "U1_3", 1581.8937, 248.0882, "T", "SMD", "GND", "GND", "R", 66.929, 39.37, 0, 0, 90],
		[92, "U1_4", 1362.6037, 248.0882, "T", "SMD", "GND", "GND", "R", 66.929, 39.37, 0, 0, 90],
		[93, "U1_5", 1312.6037, 248.0882, "T", "SMD", "GND", "GND", "R", 66.929, 39.37, 0, 0, 90],
		[94, "U1_6", 1262.6037, 248.0882, "T", "SMD", "NET_8", "", "R", 66.929, 39.37, 0, 0, 90],
		[95, "U1_7", 1212.6037, 248.0882, "T", "SMD", "NET_9", "", "R", 66.929, 39.37, 0, 0, 90],
		[96, "U1_8", 1162.6037, 248.0882, "T", "SMD", "NET_10", "", "R", 66.929, 39.37, 0, 0, 90],
		[97, "U1_9", 1112.6037, 248.0882, "T", "SMD", "+3V3", "", "R", 66.929, 39.37, 0, 0, 90],
		[98, "U1_10", 1062.6037, 248.0882, "T", "SMD", "NET_11", "", "R", 66.929, 39.37, 0, 0, 90],
		[99, "U1_11", 1012.6037, 248.0882, "T", "SMD", "GND", "GND", "R", 66.929, 39.37, 0, 0, 90],
		[100, "U1_12", 1012.6037, -291.2818, "T", "SMD", "GND", "GND", "R", 66.929, 39.37, 0, 0, 90],
		[101, "U1_13", 1062.6037, -291.2818, "T", "SMD", "NET_12", "", "R", 66.929, 39.37, 0, 0, 90],
		[102, "U1_14", 1112.6037, -291.2818, "T", "SMD", "NET_13", "", "R", 66.929, 39.37, 0, 0, 90],
		[103, "U1_15", 1162.6037, -291.2818, "T", "SMD", "GDO0", "", "R", 66.929, 39.37, 0, 0, 90],
		[104, "U1_16", 1212.6037, -291.2818, "T", "SMD", "MISO", "", "R", 66.929, 39.37, 0, 0, 90],
		[105, "U1_17", 1262.6037, -291.2818, "T", "SMD", "MOSI", "", "R", 66.929, 39.37, 0, 0, 90],
		[106, "U1_18", 1312.6037, -291.2818, "T", "SMD", "SCK", "", "R", 66.929, 39.37, 0, 0, 90],
		[107, "U1_19", 1362.6037, -291.2818, "T", "SMD", "CSN", "", "R", 66.929, 39.37, 0, 0, 90],
		[108, "U1_20", 1581.8937, -291.2818, "T", "SMD", "GND", "GND", "R", 66.929, 39.37, 0, 0, 90],
		[109, "U1_21", 1631.8937, -291.2818, "T", "SMD", "NET_14", "", "R", 66.929, 39.37, 0, 0, 90],
		[110, "U1_22", 1681.8937, -291.2818, "T", "SMD", "GND", "GND", "R", 66.929, 39.37, 0, 0, 90],
		[111, "U2_1", -1315.155, 25.115, "T", "SMD", "+12V", "", "R", 110.236, 53.15, 0, 0, 90],
		[112, "U2_3", -1134.845, 25.115, "T", "SMD", "+5V", "", "R", 110.236, 59.055, 0, 0, 90],
		[113, "U2_4", -1224.325, 298.745, "T", "SMD", "GND", "GND", "R", 255.906, 236.22, 0, 0, 90],
		[114, "U3_1", -886.927, 415.55, "T", "SMD", "GND", "GND", "R", 98.425, 43.307, 0, 0, 180],
		[115, "U3_2", -886.927, 325, "T", "SMD", "NET_15", "", "R", 98.425, 43.307, 0, 0, 180],
		[116, "U3_3", -886.927, 234.45, "T", "SMD", "+5V", "", "R", 98.425, 43.307, 0, 0, 180],
		[117, "U3_4", -653.072, 325, "T", "SMD", "+3V3-LDO", "", "R", 92.126, 141.732, 0, 0, 180],
		[118, "PAD1_1", 1681.8937, 248.0882, "T", "SMD", "GND", "GND", "R", 66.929, 39.37, 0, 0, 90],
		[119, "PAD2_2", 1631.8937, 248.0882, "T", "SMD", "GND", "GND", "R", 66.929, 39.37, 0, 0, 90],
		[120, "PAD3_3", 1581.8937, 248.0882, "T", "SMD", "GND", "GND", "R", 66.929, 39.37, 0, 0, 90],
		[121, "PAD4_4", 1362.6037, 248.0882, "T", "SMD", "GND", "GND", "R", 66.929, 39.37, 0, 0, 90],
		[122, "PAD5_5", 1312.6037, 248.0882, "T", "SMD", "GND", "GND", "R", 66.929, 39.37, 0, 0, 90],
		[123, "PAD6_9", 1112.6037, 248.0882, "T", "SMD", "+3V3", "", "R", 66.929, 39.37, 0, 0, 90],
		[124, "PAD7_11", 1012.6037, 248.0882, "T", "SMD", "GND", "GND", "R", 66.929, 39.37, 0, 0, 90],
		[125, "PAD8_12", 1012.6037, -291.2818, "T", "SMD", "GND", "GND", "R", 66.929, 39.37, 0, 0, 90],
		[126, "PAD9_15", 1162.6037, -291.2818, "T", "SMD", "GDO0", "", "R", 66.929, 39.37, 0, 0, 90],
		[127, "PAD10_16", 1212.6037, -291.2818, "T", "SMD", "MISO", "", "R", 66.929, 39.37, 0, 0, 90],
		[128, "PAD11_17", 1262.6037, -291.2818, "T", "SMD", "MOSI", "", "R", 66.929, 39.37, 0, 0, 90],
		[129, "PAD12_18", 1312.6037, -291.2818, "T", "SMD", "SCK", "", "R", 66.929, 39.37, 0, 0, 90],
		[130, "PAD13_19", 1362.6037, -291.2818, "T", "SMD", "CSN", "", "R", 66.929, 39.37, 0, 0, 90],
		[131, "PAD14_20", 1581.8937, -291.2818, "T", "SMD", "GND", "GND", "R", 66.929, 39.37, 0, 0, 90],
		[132, "PAD15_22", 1681.8937, -291.2818, "T", "SMD", "GND", "GND", "R", 66.929, 39.37, 0, 0, 90],
		[133, "PAD16_1", -451.43, -430, "T", "SMD", "$1N1660", "", "R", 69.193, 51.024, 0, 0, 0],
		[134, "PAD17_2", -584.21, -430, "T", "SMD", "GND", "GND", "R", 69.193, 51.024, 0, 0, 0],
		[135, "PAD18_1", -1135, -103.61, "T", "SMD", "+5V", "", "R", 69.193, 51.024, 0, 0, 90],
		[136, "PAD19_2", -1135, -236.39, "T", "SMD", "GND", "GND", "R", 69.193, 51.024, 0, 0, 90],
		[137, "PAD20_2", -451.43, -330, "T", "SMD", "$1N1660", "", "R", 55.512, 53.15, 0, 0, 0],
		[138, "PAD21_1", -530.17, -330, "T", "SMD", "GND", "GND", "R", 55.512, 53.15, 0, 0, 0],
		[139, "PAD22_1", -648.57, -570, "T", "SMD", "+5V", "", "R", 81.201, 60.591, 0, 0, 180],
		[140, "PAD23_2", -451.43, -570, "T", "SMD", "$1N1660", "", "R", 81.201, 60.591, 0, 0, 180],
		[141, "PAD24_1", -1808.57, 205, "T", "SMD", "+12V_IN", "", "R", 81.201, 60.591, 0, 0, 180],
		[142, "PAD25_2", -1611.43, 205, "T", "SMD", "+12V", "", "R", 81.201, 60.591, 0, 0, 180],
		[143, "PAD26_1", -2205.075, 126.55, "T", "SMD", "+12V_IN", "", "R", 110.236, 110.236, 0, 0, 0],
		[144, "PAD27_3", -1964.925, -306.55, "T", "SMD", "GND", "GND", "R", 110.236, 110.236, 0, 0, 0],
		[145, "PAD28_2", -2205.075, -306.55, "T", "SMD", "GND", "GND", "R", 110.236, 110.236, 0, 0, 0],
		[146, "PAD29_1", -1964.925, 126.55, "T", "SMD", "+12V_IN", "", "R", 110.236, 110.236, 0, 0, 0],
		[147, "PAD30_6", 48.57, -220, "T", "DIP", "SCK", "", "C", 66.929, 66.929, 43.308, 43.308, 0],
		[148, "PAD30_6", 48.57, -220, "B", "DIP", "SCK", "", "C", 66.929, 66.929, 43.308, 43.308, 0],
		[149, "PAD31_5", -51.43, -220, "T", "DIP", "MISO", "", "C", 66.929, 66.929, 43.308, 43.308, 0],
		[150, "PAD31_5", -51.43, -220, "B", "DIP", "MISO", "", "C", 66.929, 66.929, 43.308, 43.308, 0],
		[151, "PAD32_4", -151.43, -220, "T", "DIP", "MOSI", "", "C", 66.929, 66.929, 43.308, 43.308, 0],
		[152, "PAD32_4", -151.43, -220, "B", "DIP", "MOSI", "", "C", 66.929, 66.929, 43.308, 43.308, 0],
		[153, "PAD33_3", -251.43, -220, "T", "DIP", "+3V3-XIAO", "", "C", 66.929, 66.929, 43.308, 43.308, 0],
		[154, "PAD33_3", -251.43, -220, "B", "DIP", "+3V3-XIAO", "", "C", 66.929, 66.929, 43.308, 43.308, 0],
		[155, "PAD34_2", -351.43, -220, "T", "DIP", "GND", "GND", "C", 66.929, 66.929, 43.308, 43.308, 0],
		[156, "PAD34_2", -351.43, -220, "B", "DIP", "GND", "GND", "C", 66.929, 66.929, 43.308, 43.308, 0],
		[157, "PAD35_1", -451.43, -220, "T", "DIP", "$1N1660", "", "R", 62, 66.929, 43.308, 43.308, 0],
		[158, "PAD35_1", -451.43, -220, "B", "DIP", "$1N1660", "", "R", 62, 66.929, 43.308, 43.308, 0],
		[159, "PAD36_6", 48.5827, -820, "T", "DIP", "GDO0", "", "C", 66.929, 66.929, 43.308, 43.308, 0],
		[160, "PAD36_6", 48.5827, -820, "B", "DIP", "GDO0", "", "C", 66.929, 66.929, 43.308, 43.308, 0],
		[161, "PAD37_5", -51.4173, -820, "T", "DIP", "CSN", "", "C", 66.929, 66.929, 43.308, 43.308, 0],
		[162, "PAD37_5", -51.4173, -820, "B", "DIP", "CSN", "", "C", 66.929, 66.929, 43.308, 43.308, 0],
		[163, "PAD38_4", -151.4173, -820, "T", "DIP", "GPIO4", "", "C", 66.929, 66.929, 43.308, 43.308, 0],
		[164, "PAD38_4", -151.4173, -820, "B", "DIP", "GPIO4", "", "C", 66.929, 66.929, 43.308, 43.308, 0],
		[165, "PAD39_3", -251.4173, -820, "T", "DIP", "GPIO3", "", "C", 66.929, 66.929, 43.308, 43.308, 0],
		[166, "PAD39_3", -251.4173, -820, "B", "DIP", "GPIO3", "", "C", 66.929, 66.929, 43.308, 43.308, 0],
		[167, "PAD40_2", -351.4173, -820, "T", "DIP", "GPIO2", "", "C", 66.929, 66.929, 43.308, 43.308, 0],
		[168, "PAD40_2", -351.4173, -820, "B", "DIP", "GPIO2", "", "C", 66.929, 66.929, 43.308, 43.308, 0],
		[169, "PAD41_1", -451.4173, -820, "T", "DIP", "GPIO1", "", "R", 62, 66.929, 43.308, 43.308, 0],
		[170, "PAD41_1", -451.4173, -820, "B", "DIP", "GPIO1", "", "R", 62, 66.929, 43.308, 43.308, 0],
		[171, "PAD42_4", -1224.325, 298.745, "T", "SMD", "GND", "GND", "R", 255.906, 236.22, 0, 0, 90],
		[172, "PAD43_1", -1315.155, 25.115, "T", "SMD", "+12V", "", "R", 110.236, 53.15, 0, 0, 90],
		[173, "PAD44_3", -1134.845, 25.115, "T", "SMD", "+5V", "", "R", 110.236, 59.055, 0, 0, 90],
		[174, "PAD45_2", 1112.6037, 373.4032, "T", "SMD", "+3V3", "", "R", 55.512, 53.15, 0, 0, 180],
		[175, "PAD46_1", 1191.3437, 373.4032, "T", "SMD", "GND", "GND", "R", 55.512, 53.15, 0, 0, 180],
		[176, "PAD47_1", -525, 326.39, "T", "SMD", "+3V3-LDO", "", "R", 69.193, 51.024, 0, 0, 90],
		[177, "PAD48_2", -525, 193.61, "T", "SMD", "GND", "GND", "R", 69.193, 51.024, 0, 0, 90],
		[178, "PAD49_1", -886.39, 120, "T", "SMD", "+5V", "", "R", 69.193, 51.024, 0, 0, 180],
		[179, "PAD50_2", -753.61, 120, "T", "SMD", "GND", "GND", "R", 69.193, 51.024, 0, 0, 180],
		[180, "PAD51_1", 1112.6038, 470, "T", "SMD", "+3V3", "", "R", 69.193, 51.024, 0, 0, 180],
		[181, "PAD52_2", 1245.3838, 470, "T", "SMD", "GND", "GND", "R", 69.193, 51.024, 0, 0, 180],
		[182, "PAD53_2", -1884.5844, 530, "T", "SMD", "+3V3", "", "R", 31.751, 34.016, 0, 0, 0],
		[183, "PAD54_1", -1943.9044, 530, "T", "SMD", "$1N5727", "", "R", 31.751, 34.016, 0, 0, 0],
		[184, "PAD55_1", -886.927, 415.55, "T", "SMD", "GND", "GND", "R", 98.425, 43.307, 0, 0, 180],
		[185, "PAD56_3", -886.927, 234.45, "T", "SMD", "+5V", "", "R", 98.425, 43.307, 0, 0, 180],
		[186, "PAD57_4", -653.072, 325, "T", "SMD", "+3V3-LDO", "", "R", 92.126, 141.732, 0, 0, 180],
		[187, "PAD58_1", -98.42, 325, "T", "SMD", "+3V3-LDO", "", "R", 47.24, 78.74, 0, 0, 180],
		[188, "PAD59_2", 0, 325, "T", "SMD", "+3V3", "", "R", 47.24, 78.74, 0, 0, 180],
		[189, "PAD60_3", 98.42, 325, "T", "SMD", "+3V3-XIAO", "", "R", 47.24, 78.74, 0, 0, 180],
		[190, "PAD61_1", -870, -345, "T", "SMD", "+5V", "", "C", 60, 60, 0, 0, 0],
		[191, "PAD62_1", 550, 470, "T", "SMD", "+3V3", "", "C", 60, 60, 0, 0, 0],
		[192, "PAD63_1", 493.929, -431.5323, "T", "DIP", "MISO", "", "C", 74.803, 74.803, 54.724, 54.724, 90],
		[193, "PAD63_1", 493.929, -431.5323, "B", "DIP", "MISO", "", "C", 74.803, 74.803, 54.724, 54.724, 90],
		[194, "PAD64_1", 800, -565, "T", "DIP", "MOSI", "", "C", 74.803, 74.803, 54.724, 54.724, 90],
		[195, "PAD64_1", 800, -565, "B", "DIP", "MOSI", "", "C", 74.803, 74.803, 54.724, 54.724, 90],
		[196, "PAD65_1", 495, -670, "T", "DIP", "SCK", "", "C", 74.803, 74.803, 54.724, 54.724, 90],
		[197, "PAD65_1", 495, -670, "B", "DIP", "SCK", "", "C", 74.803, 74.803, 54.724, 54.724, 90],
		[198, "PAD66_1", 492.442, -927.1453, "T", "DIP", "CSN", "", "C", 74.803, 74.803, 54.724, 54.724, 90],
		[199, "PAD66_1", 492.442, -927.1453, "B", "DIP", "CSN", "", "C", 74.803, 74.803, 54.724, 54.724, 90],
		[200, "PAD67_1", 800, -810, "T", "DIP", "GDO0", "", "C", 74.803, 74.803, 54.724, 54.724, 90],
		[201, "PAD67_1", 800, -810, "B", "DIP", "GDO0", "", "C", 74.803, 74.803, 54.724, 54.724, 90],
		[202, "PAD68_1", -848.188, -817.1453, "T", "DIP", "GPIO1", "", "C", 74.803, 74.803, 54.724, 54.724, 90],
		[203, "PAD68_1", -848.188, -817.1453, "B", "DIP", "GPIO1", "", "C", 74.803, 74.803, 54.724, 54.724, 90],
		[204, "PAD69_1", -685, -1065, "T", "DIP", "GPIO2", "", "C", 74.803, 74.803, 54.724, 54.724, 90],
		[205, "PAD69_1", -685, -1065, "B", "DIP", "GPIO2", "", "C", 74.803, 74.803, 54.724, 54.724, 90],
		[206, "PAD70_1", -395, -1105, "T", "DIP", "GPIO3", "", "C", 74.803, 74.803, 54.724, 54.724, 90],
		[207, "PAD70_1", -395, -1105, "B", "DIP", "GPIO3", "", "C", 74.803, 74.803, 54.724, 54.724, 90],
		[208, "PAD71_1", -150, -1105, "T", "DIP", "GPIO4", "", "C", 74.803, 74.803, 54.724, 54.724, 90],
		[209, "PAD71_1", -150, -1105, "B", "DIP", "GPIO4", "", "C", 74.803, 74.803, 54.724, 54.724, 90],
		[210, "PAD72_1", 1140, -1075, "T", "DIP", "GND", "GND", "C", 74.803, 74.803, 54.724, 54.724, 90],
		[211, "PAD72_1", 1140, -1075, "B", "DIP", "GND", "GND", "C", 74.803, 74.803, 54.724, 54.724, 90],
		[212, "PAD73_1", -1611.43, 25.115, "T", "SMD", "+12V", "", "R", 137.795, 47.244, 0, 0, 270],
		[213, "PAD74_2", -1611.43, -185.115, "T", "SMD", "GND", "GND", "R", 137.795, 47.244, 0, 0, 270],
		[214, "PAD75_2", -1943.9044, 415.005, "T", "SMD", "$1N5727", "", "R", 31.496, 31.496, 0, 0, 90],
		[215, "PAD76_1", -2006.8544, 414.995, "T", "SMD", "GND", "GND", "R", 31.496, 31.496, 0, 0, 90]
	]
}
}